date,action
2023-01-31,Refill
2023-02-28,Refill
2023-03-31,Refill
2023-04-30,Refill
2023-05-31,Refill
2023-06-30,Refill
2023-07-31,Refill
2023-08-31,Refill
2023-09-30,Refill
2023-10-31,Refill
2023-11-30,Refill
2023-12-31,Refill
2024-01-31,Refill
2024-02-29,Refill
2024-03-31,Refill
2024-04-30,Refill
2024-05-31,Refill
2024-06-30,Refill
2024-07-31,Refill
2024-08-31,Refill
2024-09-30,Refill
2024-10-31,Refill
2024-11-30,Refill
2024-12-31,Refill
2025-01-31,Refill
2025-02-28,Refill
2025-03-31,Refill
2025-04-30,Refill
2025-05-31,Refill
2025-06-30,Refill
2025-07-31,Refill
2025-08-31,Refill
2025-09-30,Refill
2025-10-31,Refill
2025-11-30,Refill
2025-12-31,Refill
